<?xml version="1.0" encoding="ISO-8859-1" standalone="no"?>
<?xml-stylesheet type="text/xsl" href="seeQuestions.xsl"?>
<assessmentItems>
	<assessmentItem complexity="3" subject="mikologia">
		<itemBody> 
			<p>Amanita muskaria zer da?</p>
		</itemBody>
		<correctResponse>
			<value>Perretxikoa</value>
		</correctResponse>
	</assessmentItem>
	<assessmentItem complexity="5" subject="mikologia">
		<itemBody>
			<p>Amanita hilkorrena zein da?</p>
		</itemBody>
		<correctResponse>
			<value>Phalloides</value>
		</correctResponse>
	</assessmentItem>
	<assessmentItem complexity="4" subject="mikologia">
		<itemBody>
			<p>Amanita cesarea jangarria da. Bai ala Ez?</p>
		</itemBody>
		<correctResponse>
			<value>Bai</value>
		</correctResponse>
	</assessmentItem>
	<assessmentItem complexity="3" subject="Humorea">
		<itemBody>
			<p>Non dago Wally?</p>
		</itemBody>
		<correctResponse>
			<value>San mamesen</value>
		</correctResponse>
	</assessmentItem>
<assessmentItem complexity="1" subject="filosofia">
	<itemBody>
		<p>Zergatik bai?</p>
	</itemBody>
	<correctResponse>
		<value>Zergatik ez?</value>
	</correctResponse>
	</assessmentItem>
<assessmentItem complexity="1" subject="Edukazioa"><itemBody><p>Zer moduz?</p></itemBody><correctResponse><value>ondo</value></correctResponse></assessmentItem><assessmentItem complexity="1" subject="Edariak"><itemBody><p>Zein ordu da??</p></itemBody><correctResponse><value>Garagardo bat edateko ordua</value></correctResponse></assessmentItem><assessmentItem complexity="1" subject="Parrandak"><itemBody><p>Zein da parrandazale amorratua?</p></itemBody><correctResponse><value>Jon Arzelus</value></correctResponse></assessmentItem><assessmentItem complexity="1" subject="Web sistemak"><itemBody><p>Funtzionatzen al du??</p></itemBody><correctResponse><value>Noski baietz</value></correctResponse></assessmentItem><assessmentItem complexity="1" subject="Oporrak"><itemBody><p>Gaur zein egun da?</p></itemBody><correctResponse><value>Jai eguna</value></correctResponse></assessmentItem><assessmentItem complexity="1" subject="etyjsdfh"><itemBody><p>iasdhga</p></itemBody><correctResponse><value>sdvger</value></correctResponse></assessmentItem><assessmentItem complexity="1" subject="etyjsdfh"><itemBody><p>iasdhga</p></itemBody><correctResponse><value>sdvger</value></correctResponse></assessmentItem><assessmentItem complexity="3" subject="asdf"><itemBody><p>asdf</p></itemBody><correctResponse><value>asdf</value></correctResponse></assessmentItem><assessmentItem complexity="3" subject="aaaaa"><itemBody><p>aaaa</p></itemBody><correctResponse><value>aaaaa</value></correctResponse></assessmentItem><assessmentItem complexity="4" subject="eeeee"><itemBody><p>eee</p></itemBody><correctResponse><value>eeeee</value></correctResponse></assessmentItem><assessmentItem complexity="2" subject="asdf"><itemBody><p>asdf</p></itemBody><correctResponse><value>asdf</value></correctResponse></assessmentItem><assessmentItem complexity="5" subject="random"><itemBody><p>Kaixo?</p></itemBody><correctResponse><value>EZ</value></correctResponse></assessmentItem><assessmentItem complexity="4" subject="Web sistemak"><itemBody><p>Dena ondo al dabil azken laborategian?</p></itemBody><correctResponse><value>Badirudi baietz</value></correctResponse></assessmentItem><assessmentItem complexity="5" subject="filosofia"><itemBody><p>Dena bai?</p></itemBody><correctResponse><value>Dena ez</value></correctResponse></assessmentItem></assessmentItems>
